{
  "config": {
    "batch_size": 32,
    "learning_rate": 0.001,
    "weight_decay": 1e-05,
    "max_epochs": 1000,
    "early_stopping_patience": 100,
    "hidden_dim": 128,
    "num_layers": 3,
    "dropout": 0.2,
    "node_dim": 5,
    "num_bead_types": 167,
    "embedding_dim": 32,
    "edge_dim": 3
  },
  "val_metrics": {
    "mae": 0.055289387702941895,
    "mse": 0.006084527354687452,
    "r2": 0.954567551612854,
    "spearman": 0.9776069518716579
  },
  "test_metrics": {
    "mae": 0.032381247729063034,
    "mse": 0.0022838215809315443,
    "r2": 0.9832483530044556,
    "spearman": 0.9841100076394194
  }
}